PERSON_ID,AGE,SENIORITY,ROLE,EMAIL_INTENSITY,DM_INTENSITY
1,59,SENIOR,SALES,164,616
2,46,SENIOR,MARKETING,150,603
3,50,MANAGEMENT,MARKETING,131,524
4,47,MANAGEMENT,MARKETING,148,581
5,45,SENIOR,MARKETING,148,588
6,65,SENIOR,ENGINEERING,116,1469
7,29,JUNIOR,SALES,137,613
8,26,JUNIOR,SALES,144,569
9,37,MID,MARKETING,140,596
10,36,MID,ENGINEERING,95,1323
11,45,MANAGEMENT,ENGINEERING,94,1622
12,30,MID,ENGINEERING,119,1549
13,32,MID,SUPPORT,149,1607
14,40,SENIOR,SUPPORT,163,1773
15,58,SENIOR,ENGINEERING,99,1264
16,55,SENIOR,ENGINEERING,95,1508
17,34,SENIOR,ENGINEERING,109,1085
18,39,SENIOR,ENGINEERING,89,1050
19,55,SENIOR,ENGINEERING,102,1209
20,48,SENIOR,ENGINEERING,87,995
21,34,MANAGEMENT,ENGINEERING,99,1070
22,35,SENIOR,SALES,161,588
23,61,MANAGEMENT,SALES,138,600
24,25,JUNIOR,ENGINEERING,106,1582
25,43,MID,ENGINEERING,115,1562
26,63,SENIOR,SUPPORT,150,2550
27,25,JUNIOR,ENGINEERING,98,1468
28,46,SENIOR,SUPPORT,147,1660
29,27,MID,ENGINEERING,88,1447
30,43,SENIOR,SUPPORT,142,1919
31,30,MID,ENGINEERING,121,1311
32,30,MID,ENGINEERING,121,1565
33,43,MANAGEMENT,ENGINEERING,97,1486
34,28,JUNIOR,SALES,132,579
35,29,JUNIOR,ENGINEERING,97,1573
36,52,SENIOR,ENGINEERING,82,1333
37,64,SENIOR,SALES,130,602
38,51,MANAGEMENT,MARKETING,133,585
39,25,JUNIOR,ENGINEERING,83,1381
40,28,JUNIOR,SALES,148,524
41,28,JUNIOR,SALES,140,555
42,65,SENIOR,SUPPORT,160,2552
43,35,MID,MARKETING,153,580
44,35,MID,SUPPORT,161,2204
45,44,SENIOR,SUPPORT,123,2600
46,29,JUNIOR,ENGINEERING,98,1164
47,26,JUNIOR,ENGINEERING,85,1323
48,46,MANAGEMENT,MARKETING,148,636
49,32,MID,SALES,140,588
50,27,JUNIOR,SUPPORT,152,2283
51,50,SENIOR,ENGINEERING,107,1346
52,30,MANAGEMENT,ENGINEERING,103,1400
53,28,MID,SUPPORT,162,2032
54,26,MID,SUPPORT,158,2257
55,36,MID,ENGINEERING,95,1178
56,31,SENIOR,MARKETING,163,608
57,55,SENIOR,SUPPORT,138,2260
58,33,SENIOR,ENGINEERING,100,1426
59,28,JUNIOR,SALES,169,585
60,60,SENIOR,SALES,154,648
61,29,JUNIOR,ENGINEERING,79,1263
62,57,SENIOR,MARKETING,148,609
63,25,MID,SALES,145,604
64,30,MID,ENGINEERING,123,1143
65,34,SENIOR,ENGINEERING,106,1603
66,44,SENIOR,ENGINEERING,94,1248
67,62,SENIOR,ENGINEERING,112,1151
68,33,SENIOR,MANAGEMENT,823,309
69,27,JUNIOR,ENGINEERING,75,1572
70,42,MID,SALES,149,594
71,32,SENIOR,MARKETING,159,605
72,47,SENIOR,ENGINEERING,116,1257
73,43,MID,SUPPORT,140,2219
74,31,SENIOR,ENGINEERING,95,1270
75,26,JUNIOR,SUPPORT,150,2528
76,60,SENIOR,SALES,151,623
77,35,SENIOR,ENGINEERING,106,1520
78,27,JUNIOR,MARKETING,147,598
79,65,SENIOR,ENGINEERING,117,1011
80,34,SENIOR,ENGINEERING,100,1315
81,49,SENIOR,ENGINEERING,124,1430
82,64,MANAGEMENT,ENGINEERING,110,1405
83,53,SENIOR,ENGINEERING,115,1243
84,38,MID,ENGINEERING,92,1411
85,54,SENIOR,ENGINEERING,98,1521
86,31,SENIOR,ENGINEERING,127,1025
87,41,SENIOR,ENGINEERING,106,987
88,49,SENIOR,ENGINEERING,87,1224
89,61,SENIOR,ENGINEERING,109,1045
90,33,MID,SUPPORT,147,2202
91,31,MID,SALES,158,637
92,58,SENIOR,ENGINEERING,115,1294
93,40,MID,MARKETING,133,594
94,25,JUNIOR,MARKETING,147,598
95,62,MANAGEMENT,MARKETING,162,579
96,28,MID,ENGINEERING,105,1115
97,28,JUNIOR,ENGINEERING,98,1256
98,32,MANAGEMENT,ENGINEERING,102,1131
99,33,SENIOR,SUPPORT,119,2089
100,27,JUNIOR,ENGINEERING,102,1208
101,30,SENIOR,ENGINEERING,119,1175
102,33,SENIOR,ENGINEERING,90,1575
103,28,JUNIOR,ENGINEERING,101,1318
104,32,SENIOR,ENGINEERING,100,1140
105,47,MANAGEMENT,ENGINEERING,97,1358
106,34,SENIOR,MANAGEMENT,927,278
107,46,SENIOR,ENGINEERING,99,1092
108,53,SENIOR,ENGINEERING,97,1220
109,35,SENIOR,MANAGEMENT,1136,271
110,41,SENIOR,SUPPORT,146,2634
111,27,JUNIOR,MARKETING,161,554
112,64,MANAGEMENT,SUPPORT,123,1865
113,61,MANAGEMENT,MARKETING,178,607
114,26,MID,SALES,144,609
115,47,SENIOR,ENGINEERING,114,1590
116,56,SENIOR,MARKETING,142,582
117,25,JUNIOR,ENGINEERING,114,1296
118,51,MANAGEMENT,ENGINEERING,105,1013
119,62,MANAGEMENT,ENGINEERING,79,2561
120,49,SENIOR,MARKETING,143,589
121,44,SENIOR,ENGINEERING,99,1192
122,50,SENIOR,ENGINEERING,112,1172
123,62,MANAGEMENT,SUPPORT,164,2239
124,33,SENIOR,ENGINEERING,97,1126
125,35,MID,SALES,144,610
126,51,SENIOR,ENGINEERING,78,1430
127,47,SENIOR,ENGINEERING,84,1248
128,53,SENIOR,MARKETING,147,665
129,26,JUNIOR,SUPPORT,148,1777
130,35,SENIOR,ENGINEERING,92,1308
131,27,JUNIOR,ENGINEERING,88,1393
132,33,SENIOR,ENGINEERING,96,1572
133,31,SENIOR,ENGINEERING,97,1257
134,30,MID,ENGINEERING,87,1365
135,34,MANAGEMENT,MARKETING,157,578
136,36,SENIOR,MANAGEMENT,1120,289
137,53,SENIOR,ENGINEERING,92,1402
138,26,JUNIOR,ENGINEERING,129,1043
139,27,JUNIOR,ENGINEERING,103,1299
140,50,SENIOR,ENGINEERING,84,1189
141,28,MID,ENGINEERING,92,1122
142,54,MANAGEMENT,MARKETING,164,588
143,42,MID,ENGINEERING,111,1462
144,58,SENIOR,MARKETING,165,552
145,29,JUNIOR,SALES,159,586
146,26,JUNIOR,SALES,172,630
147,26,JUNIOR,ENGINEERING,108,1399
148,32,MID,ENGINEERING,98,1038
149,56,MANAGEMENT,MANAGEMENT,845,319
150,25,MID,MARKETING,159,510
151,62,MANAGEMENT,ENGINEERING,90,1259
152,35,SENIOR,ENGINEERING,96,1512
153,60,SENIOR,ENGINEERING,106,1239
154,29,JUNIOR,SUPPORT,176,2610
155,31,MID,SUPPORT,158,2048
156,64,MANAGEMENT,MARKETING,140,595
157,55,SENIOR,SALES,152,569
158,59,SENIOR,MARKETING,159,620
159,27,JUNIOR,SALES,162,610
160,38,SENIOR,ENGINEERING,112,1551
161,26,JUNIOR,SUPPORT,162,2141
162,45,MANAGEMENT,ENGINEERING,125,1140
163,40,SENIOR,ENGINEERING,94,1309
164,40,SENIOR,MARKETING,138,586
165,37,MANAGEMENT,ENGINEERING,99,1366
166,47,MANAGEMENT,MARKETING,156,620
167,56,SENIOR,ENGINEERING,93,1491
168,32,SENIOR,ENGINEERING,116,1418
169,30,SENIOR,ENGINEERING,94,1201
170,38,SENIOR,SALES,157,619
171,25,JUNIOR,SALES,157,607
172,38,SENIOR,ENGINEERING,102,1035
173,54,SENIOR,ENGINEERING,98,1008
174,64,SENIOR,SUPPORT,162,2467
175,32,SENIOR,SUPPORT,150,1705
176,26,JUNIOR,SUPPORT,136,1852
177,60,SENIOR,MARKETING,139,600
178,34,MID,ENGINEERING,73,1027
179,37,SENIOR,ENGINEERING,94,1046
180,31,MANAGEMENT,ENGINEERING,102,1153
181,27,JUNIOR,SUPPORT,141,1607
182,59,SENIOR,ENGINEERING,107,1551
183,33,SENIOR,ENGINEERING,108,1518
184,26,JUNIOR,ENGINEERING,105,1417
185,33,SENIOR,ENGINEERING,88,1224
186,27,MID,ENGINEERING,78,1588
187,38,SENIOR,ENGINEERING,100,1483
188,32,SENIOR,ENGINEERING,111,1322
189,32,SENIOR,MARKETING,171,599
190,59,SENIOR,ENGINEERING,107,1082
191,28,JUNIOR,ENGINEERING,91,1435
192,30,MID,SALES,151,589
193,33,SENIOR,ENGINEERING,89,1562
194,39,SENIOR,ENGINEERING,91,1137
195,31,MID,MARKETING,158,615
196,25,MID,SALES,155,575
197,47,SENIOR,ENGINEERING,81,1462
198,46,SENIOR,ENGINEERING,96,1568
199,35,MID,ENGINEERING,107,1396
200,25,MANAGEMENT,MANAGEMENT,921,293
201,31,SENIOR,ENGINEERING,95,1564
202,27,JUNIOR,MARKETING,162,572
203,30,MID,ENGINEERING,96,1333
204,38,SENIOR,ENGINEERING,80,1384
205,37,SENIOR,ENGINEERING,81,1297
206,59,SENIOR,SALES,150,631
207,33,SENIOR,SUPPORT,139,2298
208,31,MID,ENGINEERING,108,1595
209,42,MID,ENGINEERING,118,1505
210,33,SENIOR,MANAGEMENT,834,257
211,41,SENIOR,ENGINEERING,98,1498
212,34,SENIOR,ENGINEERING,122,1616
213,58,SENIOR,SUPPORT,145,2153
214,35,MID,ENGINEERING,94,1104
215,56,SENIOR,ENGINEERING,58,1397
216,32,MID,ENGINEERING,100,1460
217,30,SENIOR,MARKETING,133,635
218,50,SENIOR,ENGINEERING,90,1129
219,53,SENIOR,ENGINEERING,124,1538
220,56,SENIOR,ENGINEERING,98,1113
221,42,MID,ENGINEERING,77,1360
222,28,JUNIOR,MARKETING,148,607
223,52,MANAGEMENT,ENGINEERING,84,1530
224,63,SENIOR,ENGINEERING,100,1045
225,29,JUNIOR,MARKETING,152,587
226,31,SENIOR,ENGINEERING,92,1462
227,30,SENIOR,ENGINEERING,85,1510
228,35,MID,ENGINEERING,103,1339
229,27,MID,MARKETING,147,598
230,26,JUNIOR,ENGINEERING,104,1226
231,48,SENIOR,MARKETING,156,544
232,37,SENIOR,ENGINEERING,103,1230
233,52,SENIOR,ENGINEERING,93,1185
234,54,SENIOR,MARKETING,156,620
235,46,MANAGEMENT,ENGINEERING,100,1516
236,49,MANAGEMENT,ENGINEERING,127,1259
237,34,MANAGEMENT,ENGINEERING,95,1478
238,28,JUNIOR,ENGINEERING,94,1089
239,54,SENIOR,SALES,133,591
240,48,SENIOR,MARKETING,138,612
241,26,JUNIOR,ENGINEERING,76,1478
242,27,JUNIOR,MARKETING,138,606
243,33,MANAGEMENT,ENGINEERING,104,1061
244,29,JUNIOR,SALES,139,607
245,28,JUNIOR,ENGINEERING,88,1344
246,60,MANAGEMENT,ENGINEERING,91,1490
247,60,MANAGEMENT,ENGINEERING,99,1529
248,40,SENIOR,ENGINEERING,109,1614
249,26,JUNIOR,MARKETING,153,631
250,34,SENIOR,SALES,178,596
251,40,SENIOR,ENGINEERING,76,1361
252,51,MANAGEMENT,ENGINEERING,100,1495
253,32,MANAGEMENT,SUPPORT,133,2459
254,59,SENIOR,SALES,149,610
255,47,MANAGEMENT,ENGINEERING,83,1150
256,51,SENIOR,ENGINEERING,121,1242
257,31,SENIOR,ENGINEERING,85,1529
258,34,MID,MARKETING,150,552
259,45,MANAGEMENT,ENGINEERING,106,1341
260,34,SENIOR,ENGINEERING,96,1499
261,29,MID,SUPPORT,157,2168
262,53,SENIOR,ENGINEERING,99,977
263,62,SENIOR,ENGINEERING,95,1435
264,28,JUNIOR,ENGINEERING,98,1508
265,29,JUNIOR,ENGINEERING,114,1479
266,57,SENIOR,ENGINEERING,116,1377
267,33,MID,SUPPORT,137,2278
268,31,SENIOR,ENGINEERING,99,1124
269,29,JUNIOR,SALES,141,585
270,32,SENIOR,SALES,146,601
271,53,MANAGEMENT,ENGINEERING,98,1385
272,44,SENIOR,ENGINEERING,92,1612
273,42,SENIOR,ENGINEERING,108,1597
274,40,MID,ENGINEERING,81,1510
275,28,MID,MARKETING,144,545
276,38,SENIOR,ENGINEERING,113,1300
277,27,JUNIOR,SUPPORT,138,1700
278,25,JUNIOR,SALES,156,592
279,32,SENIOR,ENGINEERING,102,1604
280,28,JUNIOR,ENGINEERING,78,1318
281,61,MANAGEMENT,ENGINEERING,110,1126
282,52,SENIOR,ENGINEERING,86,1425
283,30,SENIOR,SUPPORT,155,1859
284,26,JUNIOR,MARKETING,145,638
285,45,MANAGEMENT,ENGINEERING,98,952
286,32,MID,ENGINEERING,89,1255
287,25,JUNIOR,ENGINEERING,113,1274
288,35,MID,MARKETING,152,579
289,37,SENIOR,ENGINEERING,107,1441
290,50,SENIOR,ENGINEERING,97,1143
291,65,SENIOR,ENGINEERING,91,1096
292,26,JUNIOR,ENGINEERING,107,1144
293,47,SENIOR,SUPPORT,166,2388
294,48,SENIOR,MARKETING,162,576
295,32,MANAGEMENT,ENGINEERING,98,1345
296,33,SENIOR,SUPPORT,167,2306
297,27,JUNIOR,ENGINEERING,100,1271
298,31,SENIOR,ENGINEERING,89,1161
299,40,MANAGEMENT,ENGINEERING,114,1317
300,30,SENIOR,ENGINEERING,108,1438
301,58,MANAGEMENT,MARKETING,136,566
302,32,SENIOR,SALES,150,595
303,26,JUNIOR,MARKETING,170,600
304,63,SENIOR,ENGINEERING,104,1148
305,38,MANAGEMENT,SALES,150,632
306,25,MID,ENGINEERING,108,1088
307,36,SENIOR,ENGINEERING,73,1327
308,36,MANAGEMENT,ENGINEERING,107,1575
309,27,JUNIOR,ENGINEERING,124,1587
310,25,JUNIOR,ENGINEERING,119,1299
311,29,JUNIOR,SALES,161,597
312,31,SENIOR,ENGINEERING,90,1465
313,35,SENIOR,ENGINEERING,92,1402
314,48,SENIOR,ENGINEERING,93,1013
315,46,SENIOR,ENGINEERING,106,1561
316,32,SENIOR,ENGINEERING,110,1014
317,42,SENIOR,ENGINEERING,94,1221
318,34,SENIOR,SUPPORT,145,1657
319,57,SENIOR,SUPPORT,156,2580
320,45,MANAGEMENT,ENGINEERING,94,1614
321,31,MID,ENGINEERING,108,1584
322,27,JUNIOR,ENGINEERING,79,1456
323,29,JUNIOR,SUPPORT,149,1760
324,60,SENIOR,SALES,146,642
325,41,MID,SALES,151,596
326,59,SENIOR,ENGINEERING,81,1583
327,33,SENIOR,SUPPORT,138,1788
328,33,SENIOR,ENGINEERING,96,1087
329,46,MANAGEMENT,MARKETING,151,641
330,43,MID,ENGINEERING,89,1490
331,36,SENIOR,ENGINEERING,110,1067
332,49,SENIOR,ENGINEERING,105,1415
333,28,JUNIOR,ENGINEERING,91,1397
334,38,SENIOR,ENGINEERING,96,1342
335,46,MANAGEMENT,SALES,156,600
336,52,MANAGEMENT,ENGINEERING,78,1487
337,25,JUNIOR,SUPPORT,132,1936
338,53,SENIOR,ENGINEERING,115,1491
339,55,SENIOR,ENGINEERING,118,1150
340,27,JUNIOR,ENGINEERING,75,1308
341,26,MID,ENGINEERING,90,1201
342,32,MANAGEMENT,SUPPORT,153,2344
343,34,SENIOR,SUPPORT,150,2090
344,37,SENIOR,SALES,150,607
345,25,JUNIOR,MARKETING,148,580
346,31,MANAGEMENT,ENGINEERING,93,1471
347,58,MANAGEMENT,SUPPORT,144,1757
348,32,MANAGEMENT,SALES,163,631
349,35,MID,ENGINEERING,106,1049
350,27,MANAGEMENT,MANAGEMENT,1036,296
351,30,MID,ENGINEERING,104,985
352,63,SENIOR,ENGINEERING,85,1179
353,33,MANAGEMENT,ENGINEERING,99,1030
354,26,MID,MARKETING,144,585
355,33,SENIOR,ENGINEERING,110,1507
356,26,JUNIOR,ENGINEERING,111,1570
357,49,SENIOR,MARKETING,171,574
358,44,SENIOR,SUPPORT,135,2426
359,28,JUNIOR,ENGINEERING,92,1022
360,56,MANAGEMENT,ENGINEERING,99,1414
361,54,SENIOR,ENGINEERING,100,1181
362,64,MANAGEMENT,ENGINEERING,101,1209
363,31,MID,ENGINEERING,103,1193
364,45,SENIOR,SALES,129,555
365,55,SENIOR,SUPPORT,161,1868
366,50,MANAGEMENT,ENGINEERING,91,1039
367,56,SENIOR,ENGINEERING,109,1501
368,40,MID,ENGINEERING,109,1466
369,42,SENIOR,ENGINEERING,94,1393
370,43,MID,ENGINEERING,94,1108
371,61,MANAGEMENT,MARKETING,157,601
372,57,MANAGEMENT,ENGINEERING,108,1467
373,50,MANAGEMENT,ENGINEERING,92,1111
374,34,MID,ENGINEERING,103,1252
375,41,SENIOR,SALES,155,564
376,25,JUNIOR,MARKETING,154,566
377,25,JUNIOR,MARKETING,141,630
378,51,MANAGEMENT,ENGINEERING,83,1216
379,29,MID,ENGINEERING,104,1582
380,26,JUNIOR,ENGINEERING,106,1577
381,45,SENIOR,ENGINEERING,100,1534
382,25,JUNIOR,ENGINEERING,102,1600
383,60,MANAGEMENT,ENGINEERING,106,1098
384,34,SENIOR,ENGINEERING,94,1147
385,64,SENIOR,ENGINEERING,92,1450
386,55,MANAGEMENT,MARKETING,117,649
387,27,JUNIOR,SUPPORT,195,2183
388,50,SENIOR,ENGINEERING,81,1108
389,35,MID,ENGINEERING,101,1514
390,64,SENIOR,ENGINEERING,110,1490
391,33,SENIOR,ENGINEERING,134,1198
392,35,MID,ENGINEERING,97,1582
393,26,JUNIOR,ENGINEERING,85,1287
394,45,MANAGEMENT,ENGINEERING,108,1588
395,25,JUNIOR,ENGINEERING,110,1287
396,52,SENIOR,MARKETING,145,571
397,64,SENIOR,ENGINEERING,98,1359
398,51,SENIOR,SUPPORT,153,2379
399,57,SENIOR,SALES,151,588
400,44,MID,ENGINEERING,80,1426
401,48,MANAGEMENT,MARKETING,126,609
402,49,MANAGEMENT,ENGINEERING,90,1293
403,47,SENIOR,ENGINEERING,111,1434
404,58,MANAGEMENT,SUPPORT,149,3133
405,60,SENIOR,ENGINEERING,101,1351
406,49,SENIOR,SUPPORT,159,2416
407,25,JUNIOR,ENGINEERING,104,1398
408,32,MANAGEMENT,ENGINEERING,86,1273
409,37,MID,ENGINEERING,88,1101
410,35,MID,ENGINEERING,87,1536
411,34,SENIOR,SALES,147,573
412,50,MANAGEMENT,SUPPORT,142,2148
413,33,SENIOR,SUPPORT,147,1772
414,65,MANAGEMENT,SALES,140,555
415,29,JUNIOR,ENGINEERING,103,1281
416,59,SENIOR,MANAGEMENT,887,295
417,61,SENIOR,ENGINEERING,110,2591
418,44,SENIOR,SUPPORT,149,2320
419,48,SENIOR,ENGINEERING,98,1326
420,33,MANAGEMENT,ENGINEERING,113,1361
421,26,JUNIOR,ENGINEERING,95,1164
422,59,MANAGEMENT,ENGINEERING,119,1482
423,35,SENIOR,SUPPORT,152,2248
424,33,SENIOR,SUPPORT,144,1948
425,34,SENIOR,ENGINEERING,112,1225
426,27,JUNIOR,SALES,162,605
427,26,MID,SALES,151,604
428,29,JUNIOR,SUPPORT,162,2230
429,54,MANAGEMENT,ENGINEERING,100,1268
430,31,SENIOR,ENGINEERING,115,1230
431,28,JUNIOR,ENGINEERING,94,1521
432,52,SENIOR,ENGINEERING,119,1058
433,46,SENIOR,ENGINEERING,109,1283
434,53,SENIOR,ENGINEERING,105,1420
435,52,MANAGEMENT,ENGINEERING,103,1352
436,33,SENIOR,SUPPORT,170,2298
437,38,MID,ENGINEERING,92,1406
438,29,MID,MARKETING,148,594
439,34,MID,ENGINEERING,93,1199
440,25,JUNIOR,ENGINEERING,113,1047
441,46,SENIOR,ENGINEERING,105,1479
442,32,SENIOR,ENGINEERING,109,1507
443,33,SENIOR,ENGINEERING,105,1215
444,40,MID,ENGINEERING,116,1282
445,37,SENIOR,ENGINEERING,120,1486
446,34,SENIOR,ENGINEERING,113,1113
447,31,MID,SUPPORT,136,2326
448,28,JUNIOR,SALES,170,627
449,54,MANAGEMENT,ENGINEERING,103,1617
450,26,JUNIOR,ENGINEERING,117,1054
451,58,SENIOR,ENGINEERING,96,1327
452,27,MID,ENGINEERING,91,1326
453,31,MID,ENGINEERING,98,1500
454,54,MANAGEMENT,SALES,130,589
455,35,SENIOR,ENGINEERING,100,1008
456,35,MANAGEMENT,ENGINEERING,83,1059
457,48,SENIOR,ENGINEERING,96,997
458,35,SENIOR,ENGINEERING,79,1467
459,33,MID,ENGINEERING,109,1429
460,54,SENIOR,SALES,160,610
461,33,MANAGEMENT,ENGINEERING,122,992
462,31,SENIOR,MANAGEMENT,1118,269
463,47,SENIOR,ENGINEERING,98,1018
464,63,MANAGEMENT,ENGINEERING,95,1232
465,51,MANAGEMENT,ENGINEERING,121,1313
466,33,SENIOR,ENGINEERING,104,1356
467,34,SENIOR,ENGINEERING,88,1150
468,28,JUNIOR,SALES,151,616
469,59,SENIOR,SALES,139,622
470,25,MID,ENGINEERING,91,1156
471,45,SENIOR,SALES,146,607
472,62,SENIOR,ENGINEERING,105,1256
473,36,SENIOR,ENGINEERING,106,1575
474,46,SENIOR,ENGINEERING,97,1046
475,29,JUNIOR,MARKETING,162,569
476,53,SENIOR,MANAGEMENT,994,318
477,32,SENIOR,ENGINEERING,109,1541
478,48,MANAGEMENT,ENGINEERING,101,1539
479,25,JUNIOR,MARKETING,167,557
480,30,SENIOR,SUPPORT,150,2195
481,27,JUNIOR,ENGINEERING,79,1413
482,55,SENIOR,MARKETING,140,593
483,45,MANAGEMENT,ENGINEERING,110,1322
484,50,MANAGEMENT,MARKETING,125,601
485,33,SENIOR,ENGINEERING,119,1277
486,32,MID,ENGINEERING,93,1145
487,54,MANAGEMENT,MANAGEMENT,698,295
488,33,MID,ENGINEERING,89,1040
489,25,MID,ENGINEERING,98,1024
490,48,SENIOR,ENGINEERING,96,1075
491,45,SENIOR,ENGINEERING,106,1067
492,65,SENIOR,ENGINEERING,96,1398
493,58,SENIOR,ENGINEERING,103,1190
494,33,SENIOR,SALES,141,590
495,42,SENIOR,ENGINEERING,91,1367
496,32,MID,SUPPORT,143,2038
497,65,SENIOR,SUPPORT,141,2242
498,30,MANAGEMENT,SUPPORT,122,2197
499,29,JUNIOR,ENGINEERING,81,1590
500,31,SENIOR,ENGINEERING,89,1506
501,39,MID,SUPPORT,149,1647
502,41,SENIOR,ENGINEERING,101,1063
503,35,SENIOR,ENGINEERING,95,1168
504,45,SENIOR,ENGINEERING,72,1248
505,26,JUNIOR,ENGINEERING,88,1264
506,63,MANAGEMENT,ENGINEERING,85,1266
507,58,SENIOR,ENGINEERING,93,1117
508,49,SENIOR,ENGINEERING,93,1302
509,32,SENIOR,SUPPORT,154,1622
510,65,MANAGEMENT,ENGINEERING,106,1384
511,34,MID,ENGINEERING,105,1025
512,35,SENIOR,SUPPORT,134,1808
513,33,SENIOR,ENGINEERING,107,1160
514,47,SENIOR,SALES,160,661
515,56,MANAGEMENT,SALES,143,560
516,29,JUNIOR,ENGINEERING,112,1429
517,61,SENIOR,ENGINEERING,97,1485
518,30,SENIOR,SUPPORT,144,1707
519,47,SENIOR,ENGINEERING,108,1573
520,45,MANAGEMENT,SALES,135,617
521,30,MID,SALES,125,587
522,43,SENIOR,ENGINEERING,114,1189
523,34,SENIOR,ENGINEERING,102,1558
524,46,SENIOR,ENGINEERING,88,1188
525,35,SENIOR,ENGINEERING,122,1142
526,26,JUNIOR,ENGINEERING,89,1389
527,30,SENIOR,SALES,152,650
528,30,SENIOR,SUPPORT,123,2249
529,60,SENIOR,MANAGEMENT,745,299
530,60,MANAGEMENT,SALES,166,622
531,38,MID,MARKETING,160,621
532,50,SENIOR,ENGINEERING,115,1398
533,51,MANAGEMENT,ENGINEERING,97,1058
534,60,MANAGEMENT,ENGINEERING,79,1039
535,63,MANAGEMENT,MANAGEMENT,1043,305
536,34,SENIOR,ENGINEERING,99,1348
537,60,SENIOR,ENGINEERING,94,1067
538,52,SENIOR,ENGINEERING,114,1026
539,56,MANAGEMENT,ENGINEERING,111,1186
540,35,SENIOR,ENGINEERING,90,1181
541,58,SENIOR,ENGINEERING,115,1594
542,31,MID,SUPPORT,183,2531
543,63,MANAGEMENT,SUPPORT,136,2357
544,35,SENIOR,MARKETING,155,574
545,51,MANAGEMENT,MARKETING,152,608
546,29,JUNIOR,ENGINEERING,101,1224
547,58,MANAGEMENT,ENGINEERING,101,1473
548,40,SENIOR,MARKETING,161,587
549,30,MID,ENGINEERING,104,1033
550,34,SENIOR,ENGINEERING,88,1420
551,29,JUNIOR,ENGINEERING,124,1200
552,57,SENIOR,ENGINEERING,105,997
553,64,SENIOR,ENGINEERING,82,1536
554,56,SENIOR,ENGINEERING,120,1058
555,29,JUNIOR,SALES,149,605
556,30,SENIOR,ENGINEERING,114,1042
557,30,SENIOR,SUPPORT,141,2484
558,46,SENIOR,ENGINEERING,93,1165
559,32,MID,SUPPORT,150,2340
560,54,MANAGEMENT,SALES,150,575
561,42,SENIOR,ENGINEERING,110,1272
562,32,MID,ENGINEERING,99,1321
563,42,MID,ENGINEERING,108,1108
564,62,MANAGEMENT,ENGINEERING,117,1602
565,60,MANAGEMENT,MARKETING,162,599
566,61,SENIOR,MARKETING,142,575
567,63,SENIOR,ENGINEERING,94,1073
568,39,MANAGEMENT,ENGINEERING,87,1437
569,48,SENIOR,SUPPORT,165,1655
570,30,MID,ENGINEERING,97,1288
571,46,MANAGEMENT,ENGINEERING,92,1390
572,44,SENIOR,SUPPORT,169,2097
573,27,JUNIOR,ENGINEERING,97,1344
574,25,JUNIOR,SALES,155,598
575,34,SENIOR,ENGINEERING,107,1046
576,27,MID,SUPPORT,139,2207
577,25,MID,ENGINEERING,100,1478
578,34,SENIOR,ENGINEERING,70,1493
579,31,MID,ENGINEERING,111,1288
580,33,SENIOR,MARKETING,145,603
581,46,SENIOR,ENGINEERING,114,1630
582,53,SENIOR,ENGINEERING,127,1431
583,43,SENIOR,MARKETING,149,585
584,44,SENIOR,ENGINEERING,98,1300
585,26,MANAGEMENT,MANAGEMENT,734,290
586,47,SENIOR,ENGINEERING,120,1390
587,29,JUNIOR,MARKETING,155,611
588,29,JUNIOR,ENGINEERING,105,1529
589,31,MID,SALES,147,589
590,65,SENIOR,ENGINEERING,102,1280
591,44,SENIOR,ENGINEERING,77,1344
592,28,JUNIOR,ENGINEERING,93,1228
593,34,SENIOR,ENGINEERING,110,1092
594,30,SENIOR,ENGINEERING,100,1532
595,57,SENIOR,SALES,165,581
596,63,SENIOR,ENGINEERING,109,1376
597,35,SENIOR,SALES,175,586
598,33,SENIOR,ENGINEERING,117,1357
599,34,MID,SUPPORT,161,1923
600,34,SENIOR,ENGINEERING,107,1490
601,26,JUNIOR,SALES,137,593
602,25,JUNIOR,ENGINEERING,112,1547
603,29,MID,ENGINEERING,93,1444
604,25,MID,ENGINEERING,97,1081
605,30,MID,SUPPORT,158,1804
606,50,SENIOR,SALES,138,600
607,27,JUNIOR,ENGINEERING,104,1243
608,59,SENIOR,ENGINEERING,101,1246
609,59,MANAGEMENT,ENGINEERING,102,999
610,52,SENIOR,SUPPORT,144,2392
611,32,SENIOR,MANAGEMENT,1151,322
612,52,SENIOR,ENGINEERING,93,1346
613,26,JUNIOR,MARKETING,166,630
614,62,MANAGEMENT,ENGINEERING,111,1124
615,56,SENIOR,ENGINEERING,94,1170
616,40,MID,SUPPORT,126,2433
617,30,MANAGEMENT,ENGINEERING,103,1047
618,29,JUNIOR,SALES,158,592
619,30,MID,SALES,116,638
620,35,SENIOR,ENGINEERING,107,1050
621,45,SENIOR,ENGINEERING,112,1217
622,33,MID,ENGINEERING,128,1323
623,35,SENIOR,ENGINEERING,109,1002
624,63,SENIOR,MARKETING,159,633
625,45,MANAGEMENT,ENGINEERING,126,1161
626,29,JUNIOR,ENGINEERING,92,1005
627,60,SENIOR,ENGINEERING,106,1569
628,60,SENIOR,SUPPORT,164,2245
629,63,SENIOR,MARKETING,174,567
630,28,JUNIOR,ENGINEERING,107,1512
631,26,JUNIOR,ENGINEERING,110,1176
632,27,JUNIOR,ENGINEERING,92,1186
633,27,MID,SALES,158,675
634,26,JUNIOR,ENGINEERING,97,1358
635,38,SENIOR,ENGINEERING,85,1416
636,29,JUNIOR,SALES,154,612
637,31,SENIOR,ENGINEERING,85,1062
638,25,JUNIOR,SUPPORT,149,2120
639,56,SENIOR,ENGINEERING,88,1318
640,34,SENIOR,ENGINEERING,92,1597
641,54,MANAGEMENT,ENGINEERING,89,1563
642,42,SENIOR,ENGINEERING,104,1178
643,37,SENIOR,ENGINEERING,98,1335
644,25,MID,ENGINEERING,102,999
645,35,MANAGEMENT,SALES,145,614
646,33,SENIOR,SALES,130,628
647,63,MANAGEMENT,SALES,153,617
648,27,JUNIOR,ENGINEERING,103,1228
649,60,MANAGEMENT,ENGINEERING,117,1093
650,35,SENIOR,ENGINEERING,82,1298
651,27,JUNIOR,ENGINEERING,108,1248
652,62,MANAGEMENT,SALES,147,556
653,32,SENIOR,ENGINEERING,94,1373
654,28,JUNIOR,ENGINEERING,99,1522
655,27,JUNIOR,SALES,140,570
656,58,SENIOR,SUPPORT,135,1927
657,63,SENIOR,MARKETING,150,591
658,33,MID,ENGINEERING,80,1487
659,25,JUNIOR,SUPPORT,143,2445
660,32,SENIOR,MARKETING,150,561
661,33,SENIOR,ENGINEERING,134,1086
662,25,JUNIOR,SUPPORT,158,1693
663,30,MID,ENGINEERING,94,1194
664,26,JUNIOR,ENGINEERING,120,989
665,35,SENIOR,ENGINEERING,82,1240
666,28,JUNIOR,ENGINEERING,97,1215
667,39,MID,SALES,139,591
668,27,JUNIOR,ENGINEERING,76,1231
669,25,JUNIOR,ENGINEERING,111,1180
670,56,SENIOR,MARKETING,137,635
671,55,MANAGEMENT,MARKETING,151,608
672,26,JUNIOR,SUPPORT,151,1829
673,34,MID,ENGINEERING,88,1198
674,33,MID,ENGINEERING,90,1151
675,61,SENIOR,MARKETING,132,596
676,30,SENIOR,ENGINEERING,123,1039
677,39,SENIOR,SALES,144,625
678,63,SENIOR,ENGINEERING,102,1203
679,43,MID,ENGINEERING,87,1078
680,43,SENIOR,SALES,152,636
681,47,SENIOR,SUPPORT,137,2394
682,53,SENIOR,ENGINEERING,96,1491
683,30,MID,ENGINEERING,108,1025
684,27,JUNIOR,SALES,152,550
685,30,SENIOR,ENGINEERING,97,1317
686,34,SENIOR,SUPPORT,173,1916
687,32,SENIOR,SALES,135,594
688,32,SENIOR,MANAGEMENT,1059,269
689,31,MID,SUPPORT,149,2507
690,41,MANAGEMENT,ENGINEERING,91,1416
691,54,SENIOR,MARKETING,160,605
692,61,SENIOR,SUPPORT,140,1777
693,29,JUNIOR,ENGINEERING,117,1545
694,63,SENIOR,ENGINEERING,83,1022
695,27,MID,ENGINEERING,122,1394
696,51,SENIOR,SALES,156,560
697,30,SENIOR,ENGINEERING,83,1285
698,62,MANAGEMENT,ENGINEERING,97,1149
699,34,SENIOR,ENGINEERING,92,1045
700,31,SENIOR,SUPPORT,166,2594
701,42,SENIOR,ENGINEERING,121,1472
702,48,SENIOR,ENGINEERING,112,1465
703,34,MANAGEMENT,MARKETING,144,597
704,31,SENIOR,ENGINEERING,107,1281
705,26,JUNIOR,ENGINEERING,70,1400
706,53,MANAGEMENT,ENGINEERING,87,1407
707,47,MANAGEMENT,ENGINEERING,125,1045
708,34,SENIOR,ENGINEERING,87,1547
709,34,SENIOR,ENGINEERING,123,1217
710,46,SENIOR,ENGINEERING,92,1461
711,44,MID,ENGINEERING,133,1565
712,30,MANAGEMENT,ENGINEERING,108,1056
713,53,SENIOR,ENGINEERING,80,998
714,26,JUNIOR,ENGINEERING,115,1084
715,65,MANAGEMENT,ENGINEERING,97,1496
716,25,JUNIOR,ENGINEERING,79,1176
717,30,SENIOR,MANAGEMENT,756,294
718,36,SENIOR,MARKETING,155,632
719,44,SENIOR,MANAGEMENT,1058,334
720,36,SENIOR,ENGINEERING,120,1193
721,33,MID,ENGINEERING,89,1175
722,40,SENIOR,ENGINEERING,96,1380
723,44,SENIOR,SUPPORT,118,2303
724,63,MANAGEMENT,ENGINEERING,98,1587
725,64,SENIOR,ENGINEERING,95,1370
726,53,MANAGEMENT,ENGINEERING,108,1165
727,37,SENIOR,SUPPORT,177,2148
728,50,SENIOR,SALES,138,596
729,65,SENIOR,ENGINEERING,85,3105
730,42,SENIOR,ENGINEERING,77,1014
731,31,SENIOR,MARKETING,141,678
732,54,SENIOR,ENGINEERING,85,1046
733,31,MID,MARKETING,137,597
734,63,MANAGEMENT,ENGINEERING,102,1074
735,25,JUNIOR,MARKETING,138,597
736,31,SENIOR,SALES,138,608
737,33,MID,ENGINEERING,105,1387
738,37,MID,MARKETING,140,593
739,34,SENIOR,ENGINEERING,119,1494
740,34,MID,ENGINEERING,104,1110
741,65,SENIOR,ENGINEERING,96,1203
742,25,MID,SALES,155,588
743,32,SENIOR,SALES,143,607
744,55,SENIOR,ENGINEERING,107,1636
745,48,SENIOR,SALES,145,572
746,58,SENIOR,ENGINEERING,93,1325
747,26,MID,ENGINEERING,92,1563
748,30,SENIOR,SUPPORT,165,1774
749,36,MID,SUPPORT,143,2399
750,42,MANAGEMENT,ENGINEERING,117,1501
751,62,MANAGEMENT,SALES,163,599
752,61,MANAGEMENT,MANAGEMENT,912,289
753,33,MID,MARKETING,148,606
754,65,MANAGEMENT,SUPPORT,134,2087
755,26,JUNIOR,ENGINEERING,93,1094
756,62,SENIOR,SUPPORT,148,2297
757,34,MID,ENGINEERING,115,1055
758,62,SENIOR,ENGINEERING,94,1189
759,47,SENIOR,ENGINEERING,107,1557
760,58,MANAGEMENT,SUPPORT,166,2394
761,54,MANAGEMENT,MARKETING,133,580
762,58,MANAGEMENT,SALES,159,595
763,27,JUNIOR,MARKETING,133,583
764,35,SENIOR,SUPPORT,141,2340
765,27,JUNIOR,SUPPORT,144,1756
766,50,SENIOR,ENGINEERING,111,1414
767,25,JUNIOR,ENGINEERING,92,1358
768,34,SENIOR,ENGINEERING,81,1322
769,37,SENIOR,ENGINEERING,103,1597
770,33,SENIOR,ENGINEERING,80,1375
771,60,SENIOR,SUPPORT,155,2479
772,25,JUNIOR,ENGINEERING,70,1354
773,34,MID,SALES,159,619
774,27,JUNIOR,ENGINEERING,103,1133
775,45,MANAGEMENT,SALES,142,591
776,44,SENIOR,ENGINEERING,119,1378
777,33,SENIOR,ENGINEERING,87,1230
778,35,SENIOR,SALES,145,623
779,26,JUNIOR,MARKETING,128,585
780,49,SENIOR,MARKETING,155,584
781,34,SENIOR,MARKETING,134,584
782,42,SENIOR,SUPPORT,137,2106
783,63,MANAGEMENT,ENGINEERING,102,1377
784,64,SENIOR,ENGINEERING,114,1127
785,34,SENIOR,MARKETING,162,596
786,32,SENIOR,MANAGEMENT,728,298
787,36,SENIOR,ENGINEERING,81,1408
788,60,MANAGEMENT,SALES,128,579
789,30,SENIOR,SALES,135,603
790,28,JUNIOR,ENGINEERING,107,1194
791,35,MID,ENGINEERING,89,954
792,50,SENIOR,SUPPORT,163,2500
793,33,SENIOR,SUPPORT,163,2169
794,56,MANAGEMENT,SUPPORT,156,1756
795,43,MID,ENGINEERING,108,1226
796,57,SENIOR,ENGINEERING,94,1318
797,63,SENIOR,SALES,175,586
798,31,SENIOR,ENGINEERING,74,1055
799,25,JUNIOR,ENGINEERING,105,1200
800,33,SENIOR,SUPPORT,119,1947
801,36,SENIOR,SUPPORT,160,2401
802,63,SENIOR,ENGINEERING,100,1459
803,40,SENIOR,ENGINEERING,99,1460
804,40,MANAGEMENT,ENGINEERING,96,1139
805,38,MID,MARKETING,130,568
806,45,MANAGEMENT,ENGINEERING,102,1409
807,62,SENIOR,SALES,150,614
808,62,SENIOR,SUPPORT,165,1951
809,30,SENIOR,ENGINEERING,103,1030
810,40,MID,MARKETING,129,603
811,61,SENIOR,SALES,151,599
812,28,JUNIOR,ENGINEERING,90,1049
813,44,SENIOR,ENGINEERING,75,1025
814,33,MID,ENGINEERING,85,1340
815,58,SENIOR,ENGINEERING,102,1291
816,56,SENIOR,MANAGEMENT,754,309
817,53,SENIOR,MARKETING,152,559
818,34,MID,MANAGEMENT,999,294
819,62,SENIOR,MARKETING,174,608
820,39,MID,ENGINEERING,94,1143
821,32,SENIOR,MARKETING,139,577
822,58,SENIOR,ENGINEERING,101,1472
823,29,JUNIOR,ENGINEERING,100,1362
824,43,SENIOR,ENGINEERING,103,1400
825,30,SENIOR,SALES,122,589
826,34,MID,MARKETING,161,579
827,34,SENIOR,ENGINEERING,116,1016
828,25,JUNIOR,MARKETING,154,598
829,29,JUNIOR,ENGINEERING,91,1197
830,46,SENIOR,ENGINEERING,98,1061
831,25,JUNIOR,SALES,138,596
832,25,JUNIOR,ENGINEERING,98,1426
833,64,SENIOR,ENGINEERING,112,1362
834,63,SENIOR,MARKETING,171,593
835,25,JUNIOR,ENGINEERING,105,1214
836,41,SENIOR,ENGINEERING,106,1448
837,36,SENIOR,MARKETING,144,567
838,25,JUNIOR,SALES,143,592
839,44,SENIOR,MARKETING,152,599
840,59,MANAGEMENT,ENGINEERING,116,1388
841,27,JUNIOR,ENGINEERING,102,1129
842,60,SENIOR,ENGINEERING,111,1199
843,44,SENIOR,ENGINEERING,104,1419
844,27,JUNIOR,ENGINEERING,126,1414
845,59,SENIOR,MANAGEMENT,1028,332
846,29,JUNIOR,ENGINEERING,86,1251
847,32,SENIOR,ENGINEERING,87,1580
848,29,JUNIOR,ENGINEERING,98,1284
849,35,MID,ENGINEERING,97,1564
850,27,JUNIOR,SUPPORT,151,2413
851,32,MID,ENGINEERING,99,1400
852,46,MANAGEMENT,ENGINEERING,89,1269
853,43,SENIOR,ENGINEERING,111,1320
854,40,SENIOR,ENGINEERING,113,1184
855,32,SENIOR,ENGINEERING,105,1490
856,25,JUNIOR,SALES,163,562
857,54,SENIOR,MARKETING,152,604
858,26,JUNIOR,ENGINEERING,96,1292
859,26,JUNIOR,ENGINEERING,78,1233
860,27,JUNIOR,MARKETING,149,575
861,27,MANAGEMENT,MANAGEMENT,969,330
862,45,SENIOR,ENGINEERING,118,1302
863,57,SENIOR,ENGINEERING,92,1096
864,48,MANAGEMENT,SALES,113,561
865,61,SENIOR,ENGINEERING,90,1230
866,58,SENIOR,SUPPORT,145,2365
867,56,MANAGEMENT,ENGINEERING,87,1378
868,65,SENIOR,ENGINEERING,110,1173
869,54,MANAGEMENT,ENGINEERING,101,1448
870,42,MID,ENGINEERING,101,1205
871,58,SENIOR,ENGINEERING,93,1463
872,32,SENIOR,SUPPORT,148,2425
873,54,SENIOR,ENGINEERING,87,1067
874,54,SENIOR,MARKETING,156,601
875,39,SENIOR,SUPPORT,153,1918
876,57,MANAGEMENT,ENGINEERING,112,1523
877,33,SENIOR,SUPPORT,147,2246
878,26,JUNIOR,SALES,137,625
879,35,SENIOR,SALES,158,595
880,50,MANAGEMENT,MANAGEMENT,942,303
881,44,SENIOR,SALES,159,616
882,55,SENIOR,ENGINEERING,84,1331
883,35,SENIOR,SALES,146,583
884,61,SENIOR,ENGINEERING,81,1200
885,50,MANAGEMENT,ENGINEERING,85,1407
886,36,MID,ENGINEERING,123,1052
887,51,SENIOR,MANAGEMENT,942,329
888,25,JUNIOR,ENGINEERING,88,1543
889,61,MANAGEMENT,MANAGEMENT,970,275
890,25,JUNIOR,ENGINEERING,83,1179
891,62,MANAGEMENT,ENGINEERING,106,1175
892,26,JUNIOR,ENGINEERING,125,1162
893,26,JUNIOR,ENGINEERING,96,1599
894,40,SENIOR,ENGINEERING,99,1106
895,29,JUNIOR,SUPPORT,160,2578
896,32,SENIOR,ENGINEERING,119,1459
897,34,MID,SUPPORT,156,1834
898,28,JUNIOR,SALES,156,618
899,48,SENIOR,ENGINEERING,105,1015
900,42,SENIOR,ENGINEERING,92,1119
901,36,SENIOR,SALES,130,602
902,46,SENIOR,ENGINEERING,97,1336
903,25,JUNIOR,SUPPORT,145,1848
904,35,MID,ENGINEERING,83,1578
905,27,JUNIOR,SUPPORT,157,2458
906,27,JUNIOR,ENGINEERING,97,1351
907,33,SENIOR,SALES,141,633
908,34,SENIOR,SALES,145,611
909,45,MANAGEMENT,SUPPORT,139,2493
910,31,SENIOR,ENGINEERING,102,1281
911,44,MID,MARKETING,135,562
912,61,SENIOR,ENGINEERING,100,1277
913,27,JUNIOR,MARKETING,144,536
914,54,SENIOR,ENGINEERING,109,1220
915,58,SENIOR,SUPPORT,154,2497
916,29,JUNIOR,SALES,140,635
917,50,MANAGEMENT,ENGINEERING,110,1386
918,61,MANAGEMENT,MANAGEMENT,881,280
919,58,MANAGEMENT,SUPPORT,155,1948
920,40,MID,SALES,162,590
921,45,SENIOR,ENGINEERING,79,1176
922,30,MID,ENGINEERING,91,1275
923,26,JUNIOR,MARKETING,135,608
924,27,JUNIOR,MARKETING,138,604
925,59,MANAGEMENT,ENGINEERING,93,1553
926,34,SENIOR,SALES,142,621
927,62,SENIOR,ENGINEERING,85,1472
928,53,SENIOR,MARKETING,158,636
929,62,SENIOR,ENGINEERING,108,1479
930,32,MID,MARKETING,138,612
931,27,JUNIOR,SUPPORT,164,1741
932,35,SENIOR,ENGINEERING,87,1155
933,38,SENIOR,MARKETING,144,569
934,28,JUNIOR,MARKETING,153,597
935,25,JUNIOR,SALES,174,601
936,59,MANAGEMENT,ENGINEERING,96,1275
937,65,MANAGEMENT,ENGINEERING,109,1362
938,27,JUNIOR,MARKETING,138,644
939,50,MANAGEMENT,ENGINEERING,75,1362
940,30,SENIOR,MARKETING,149,606
941,45,SENIOR,MARKETING,141,613
942,32,MID,SALES,158,626
943,36,MID,MANAGEMENT,1127,322
944,48,SENIOR,ENGINEERING,104,1268
945,28,JUNIOR,ENGINEERING,89,1442
946,44,SENIOR,ENGINEERING,95,1518
947,32,SENIOR,ENGINEERING,77,1208
948,27,JUNIOR,MARKETING,146,605
949,54,SENIOR,SALES,133,640
950,35,SENIOR,ENGINEERING,99,1082
951,61,MANAGEMENT,SUPPORT,134,2064
952,30,SENIOR,MARKETING,139,613
953,25,MID,ENGINEERING,98,1336
954,40,SENIOR,SALES,153,628
955,58,SENIOR,SALES,158,2139
956,28,JUNIOR,ENGINEERING,89,1265
957,29,JUNIOR,ENGINEERING,113,1314
958,34,MID,ENGINEERING,90,1387
959,32,SENIOR,SUPPORT,134,2564
960,57,SENIOR,ENGINEERING,95,1225
961,28,JUNIOR,ENGINEERING,95,1051
962,44,SENIOR,ENGINEERING,113,1263
963,45,MANAGEMENT,ENGINEERING,93,1060
964,27,MID,ENGINEERING,103,1372
965,32,MID,SUPPORT,166,1909
966,26,JUNIOR,ENGINEERING,113,1539
967,27,MID,ENGINEERING,114,1511
968,45,SENIOR,ENGINEERING,104,1141
969,27,JUNIOR,ENGINEERING,97,1530
970,26,JUNIOR,ENGINEERING,92,1567
971,28,JUNIOR,SALES,166,602
972,59,SENIOR,ENGINEERING,89,1117
973,28,JUNIOR,SUPPORT,143,1925
974,42,SENIOR,ENGINEERING,77,1296
975,44,SENIOR,ENGINEERING,112,1439
976,48,SENIOR,ENGINEERING,102,1149
977,27,JUNIOR,ENGINEERING,96,1337
978,33,MANAGEMENT,ENGINEERING,95,1043
979,29,JUNIOR,ENGINEERING,92,1138
980,35,MID,ENGINEERING,84,1028
981,27,JUNIOR,ENGINEERING,101,1254
982,27,MID,ENGINEERING,107,1301
983,58,MANAGEMENT,MARKETING,152,615
984,33,MID,SALES,128,643
985,29,JUNIOR,ENGINEERING,101,1225
986,35,SENIOR,ENGINEERING,85,1316
987,52,SENIOR,ENGINEERING,91,1387
988,28,JUNIOR,ENGINEERING,107,1159
989,62,MANAGEMENT,ENGINEERING,111,1229
990,50,SENIOR,ENGINEERING,100,1536
991,54,SENIOR,ENGINEERING,109,1359
992,42,SENIOR,ENGINEERING,102,1040
993,40,SENIOR,ENGINEERING,83,1221
994,35,MID,ENGINEERING,80,1585
995,52,SENIOR,MARKETING,152,586
996,36,MID,ENGINEERING,97,1438
997,28,JUNIOR,SUPPORT,132,2566
998,64,SENIOR,ENGINEERING,99,1119
999,44,SENIOR,MARKETING,140,596
1000,54,SENIOR,ENGINEERING,92,1583
